entity,size_bytes,file_count,has_soul_yaml,workspace_indicators,lesson_count,newest_mtime,oldest_mtime,classification,is_canonical
DataStore,89934,1,False,,0,2026-09-01T00:00:21.250694+00:00,2026-09-01T00:00:21.250694+00:00,META,False
Sophia,2223,1,False,,0,2026-09-01T00:00:21.250694+00:00,2026-09-01T00:00:21.250694+00:00,VESTIGIAL,False
_archive,2387,10,False,,0,2026-08-30T20:28:20.788925+00:00,2026-08-28T21:20:33.122847+00:00,META,False
_audit,0,0,False,,0,N/A,N/A,META,False
_quarantine,0,0,False,,0,N/A,N/A,META,False
antigravity,48698,7,True,"proposed_lessons.yaml,workspace,session_gnosis.md",7,2026-09-01T00:00:21.254693+00:00,2026-09-01T00:00:21.250694+00:00,VESTIGIAL,False
anubis,4967,3,True,session_gnosis.md,0,2026-09-01T00:00:21.256693+00:00,2026-09-01T00:00:21.255693+00:00,VESTIGIAL,False
arch,91866,5,True,session_gnosis.md,0,2026-09-01T00:00:21.258693+00:00,2026-09-01T00:00:21.257693+00:00,VESTIGIAL,False
archive,3657,3,False,,0,2026-09-01T00:00:21.258693+00:00,2026-09-01T00:00:21.258693+00:00,VESTIGIAL,False
brigid,1570,3,True,session_gnosis.md,0,2026-09-01T00:00:21.260693+00:00,2026-09-01T00:00:21.258693+00:00,VESTIGIAL,False
carmack,52037,4,True,"proposed_lessons.yaml,session_gnosis.md",0,2026-09-01T09:11:33.544037+00:00,2026-09-01T00:00:21.261693+00:00,VESTIGIAL,False
cli_cline,5366,4,True,"proposed_lessons.yaml,session_gnosis.md",0,2026-09-01T00:00:21.264693+00:00,2026-09-01T00:00:21.263693+00:00,VESTIGIAL,False
cli_gemini,14814,6,True,"workspace,session_gnosis.md",0,2026-09-01T00:00:21.266693+00:00,2026-09-01T00:00:21.265693+00:00,VESTIGIAL,False
cline,10507,4,True,"workspace,session_gnosis.md",0,2026-09-01T00:00:21.267693+00:00,2026-09-01T00:00:21.267693+00:00,VESTIGIAL,False
cline_kqv,60161,3,True,session_gnosis.md,0,2026-09-01T13:55:55.472684+00:00,2026-09-01T13:53:40.175012+00:00,VESTIGIAL,False
datastore,2376,4,True,"workspace,session_gnosis.md",0,2026-08-30T20:28:18.962945+00:00,2026-08-30T20:28:18.962332+00:00,VESTIGIAL,False
default,3859,5,True,"workspace,session_gnosis.md",0,2026-09-01T00:00:21.268692+00:00,2026-07-16T16:10:00.312862+00:00,VESTIGIAL,False
doom_guy,897357,24,True,"proposed_lessons.yaml,approved_lessons.yaml,sessions.yaml,workspace,session_gnosis.md",0,2026-09-01T00:00:21.275608+00:00,2026-07-16T16:10:00.315862+00:00,CANONICAL,True
ereshkigal,7718,3,True,session_gnosis.md,0,2026-09-01T00:00:21.276692+00:00,2026-09-01T00:00:21.276692+00:00,VESTIGIAL,False
general,1671,4,True,"proposed_lessons.yaml,session_gnosis.md",0,2026-09-01T00:00:21.277692+00:00,2026-09-01T00:00:21.276692+00:00,VESTIGIAL,False
grokster,704738,75,True,"proposed_lessons.yaml,workspace,session_gnosis.md",0,2026-09-01T15:22:16.897094+00:00,2026-08-29T03:11:41.804246+00:00,CANONICAL,True
hecate,3641,3,True,session_gnosis.md,0,2026-09-01T00:00:21.316689+00:00,2026-09-01T00:00:21.316689+00:00,VESTIGIAL,False
inanna,1485,3,True,session_gnosis.md,0,2026-09-01T00:00:21.317689+00:00,2026-09-01T00:00:21.317689+00:00,VESTIGIAL,False
iris,8471,5,True,"workspace,session_gnosis.md",0,2026-09-01T00:00:21.318689+00:00,2026-08-29T03:11:50.168525+00:00,CANONICAL,True
jem,705232,65,True,"proposed_lessons.yaml,approved_lessons.yaml,sessions.yaml,workspace,session_gnosis.md",32,2026-09-01T00:00:21.345687+00:00,2026-08-30T20:28:19.135666+00:00,CANONICAL,True
john_carmack,4261207,888,True,"proposed_lessons.yaml,approved_lessons.yaml,sessions.yaml,workspace,session_gnosis.md",2,2026-09-01T20:53:29.880658+00:00,2026-07-16T16:10:00.464867+00:00,CANONICAL,True
kali,627693,46,True,"proposed_lessons.yaml,approved_lessons.yaml,sessions.yaml,gnosis,workspace,session_gnosis.md",54,2026-09-01T15:10:53.975129+00:00,2026-08-24T07:34:11.428883+00:00,CANONICAL,True
lilith,490649,41,True,"proposed_lessons.yaml,gnosis,workspace,session_gnosis.md",0,2026-09-01T20:40:40.434499+00:00,2026-08-29T03:11:24.200305+00:00,CANONICAL,True
lucifer,5364,3,True,session_gnosis.md,0,2026-09-01T00:00:21.532675+00:00,2026-09-01T00:00:21.531675+00:00,VESTIGIAL,False
maat,1851389,24,True,"proposed_lessons.yaml,approved_lessons.yaml,sessions.yaml,workspace,session_gnosis.md",0,2026-09-01T00:00:21.536675+00:00,2026-07-16T16:10:00.848879+00:00,CANONICAL,True
makali,14686,7,True,"proposed_lessons.yaml,approved_lessons.yaml,sessions.yaml,workspace,session_gnosis.md",0,2026-09-01T00:00:21.538675+00:00,2026-09-01T00:00:21.536675+00:00,CANONICAL,True
makali_fusion,34439,6,True,"proposed_lessons.yaml,workspace,session_gnosis.md",6,2026-09-01T03:07:00.211691+00:00,2026-09-01T00:00:21.538675+00:00,VESTIGIAL,False
movie-expert,1802,4,True,session_gnosis.md,0,2026-09-01T00:00:21.540675+00:00,2026-07-16T16:10:00.853879+00:00,VESTIGIAL,False
node,30855,9,True,"proposed_lessons.yaml,workspace,session_gnosis.md",0,2026-09-01T00:00:21.541675+00:00,2026-08-29T03:11:10.942230+00:00,CANONICAL,True
omnidroid,2374,3,True,session_gnosis.md,0,2026-09-01T00:00:21.541675+00:00,2026-09-01T00:00:21.541675+00:00,VESTIGIAL,False
p10,1633,3,True,session_gnosis.md,0,2026-09-01T00:00:21.542675+00:00,2026-09-01T00:00:21.541675+00:00,VESTIGIAL,False
pillar_p1,2135,4,True,"proposed_lessons.yaml,session_gnosis.md",0,2026-09-01T00:00:21.542675+00:00,2026-09-01T00:00:21.542675+00:00,VESTIGIAL,False
prometheus,3162,3,True,session_gnosis.md,0,2026-09-01T00:00:21.542675+00:00,2026-09-01T00:00:21.542675+00:00,VESTIGIAL,False
quality,3074,4,True,session_gnosis.md,0,2026-09-01T00:00:21.542675+00:00,2026-07-16T16:10:00.854879+00:00,VESTIGIAL,False
researcher,2501274,153,True,"proposed_lessons.yaml,approved_lessons.yaml,sessions.yaml,workspace,session_gnosis.md",37,2026-09-01T20:51:47.351903+00:00,2026-07-16T16:10:00.854879+00:00,CANONICAL,True
roc_racoon,78640417,287,True,"proposed_lessons.yaml,approved_lessons.yaml,sessions.yaml,workspace,session_gnosis.md",16,2026-09-01T20:43:17.291912+00:00,2026-07-16T16:10:00.876880+00:00,CANONICAL,True
saraswati,1411,3,True,session_gnosis.md,0,2026-09-01T00:00:21.673666+00:00,2026-09-01T00:00:21.672666+00:00,VESTIGIAL,False
scribe,13362,5,True,"workspace,session_gnosis.md",0,2026-09-01T00:00:21.673666+00:00,2026-07-16T16:10:00.945882+00:00,CANONICAL,True
sekhmet,6659,3,True,session_gnosis.md,0,2026-09-01T00:00:21.674666+00:00,2026-09-01T00:00:21.674666+00:00,VESTIGIAL,False
sophia,616942,7,True,"proposed_lessons.yaml,approved_lessons.yaml,sessions.yaml",0,2026-09-01T10:00:04.762014+00:00,2026-07-16T16:10:00.952882+00:00,CANONICAL,True
sysadmin,2899,5,True,"proposed_lessons.yaml,workspace,session_gnosis.md",1,2026-08-30T20:28:19.244105+00:00,2026-08-30T20:28:19.243106+00:00,VESTIGIAL,False
verity,146452,17,True,"proposed_lessons.yaml,approved_lessons.yaml,sessions.yaml,workspace,session_gnosis.md",5,2026-09-01T00:00:21.679666+00:00,2026-09-01T00:00:21.675666+00:00,CANONICAL,True
watchtower,2312,4,True,"workspace,session_gnosis.md",0,2026-08-30T20:28:19.195908+00:00,2026-08-30T20:28:19.195181+00:00,VESTIGIAL,False
web_gemini,5580,4,True,"workspace,session_gnosis.md",0,2026-09-01T00:00:21.679666+00:00,2026-09-01T00:00:21.679666+00:00,VESTIGIAL,False
